,Count,Miss %,Card,Min,1st Qrt,Mean,Median,3rd Qrt,Max,Std
age,45211.0,0,77,18.0,33.0,40.93621021432837,39.0,48.0,95.0,10.618762040975431
balance,45211.0,0,7168,-8019.0,72.0,1362.2720576850766,448.0,1428.0,102127.0,3044.7658291686002
day,45211.0,0,31,1.0,8.0,15.80641879188693,16.0,21.0,31.0,8.322476153044185
duration,45211.0,0,1573,0.0,103.0,258.1630797814691,180.0,319.0,4918.0,257.52781226517095
campaign,45211.0,0,48,1.0,1.0,2.763840658246887,2.0,3.0,63.0,3.0980208832802205
pdays,45211.0,0,559,-1.0,-1.0,40.19782796222158,-1.0,-1.0,871.0,100.1287459906047
previous,45211.0,0,41,0.0,0.0,0.5803233726305546,0.0,0.0,275.0,2.3034410449314233
