,Count,Miss %,Card,Mode,Mode freq,Mode %,2nd Mode,2nd Mode Freq,2nd Mode %
workclass,30940,5.60762766645,9, Private,21576,69.7349709114, Self-emp-not-inc, Self-emp-not-inc,7.77634130575
education,30940,0.0,16, HS-grad,9976,32.2430510666, Some-college, Some-college,22.4240465417
marital-status,30940,0.0,7, Married-civ-spouse,14201,45.8985132515, Never-married, Never-married,32.8603749192
occupation,30940,5.63025210084,15, Prof-specialty,3932,12.7084680026, Craft-repair, Craft-repair,12.5630252101
relationship,30940,0.0,6, Husband,12496,40.3878474467, Not-in-family, Not-in-family,25.5462184874
race,30940,0.0,5, White,26442,85.4621848739, Black, Black,9.58306399483
sex,30940,0.0,2, Male,20705,66.919844861, Female, Female,33.080155139
native-country,30940,1.7905623788,42, United-States,27719,89.5895281189, Mexico, Mexico,1.96186166774
